layer,features,crs,invalid
P02_building_poly,29398,EPSG:32633,23.0
P02_road_line,7007,EPSG:32633,0.0
P02_railway_line,729,EPSG:32633,0.0
P02_cart_track_line,43,EPSG:32633,0.0
P02_power_station_poly,2,EPSG:32633,0.0
P02_facility_poly,137,EPSG:32633,0.0
P02_helipad_poly,2,EPSG:32633,0.0
P02_tunnel_point,21,EPSG:32633,0.0
P02_tunnel_line,5,EPSG:32633,0.0
P02_bridge_line,47,EPSG:32633,0.0
P02_bridge_point,44,EPSG:32633,0.0
P02_building_point,687,EPSG:32633,0.0
P08_damage_assessment_poly,556,EPSG:32633,0.0
P09_reconstruction_monitoring_poly,560,EPSG:32633,0.0
fras_aux_pppp,0,,
fras_aux_ppppp,0,,
fras_aux_testRaster,0,,
fras_aux_zzz,0,,
fras_blk_pppp,0,,
fras_blk_ppppp,0,,
fras_blk_testRaster,0,,
fras_blk_zzz,0,,
fras_bnd_pppp,0,,
fras_bnd_ppppp,0,,
fras_bnd_testRaster,0,,
fras_bnd_zzz,0,,
fras_ras_pppp,0,,
fras_ras_ppppp,0,,
fras_ras_testRaster,0,,
fras_ras_zzz,0,,
