name,bytes,compressed_bytes,crc32
"EMSN074_STD_UTM33_v01.gdb/",0,0,0
"EMSN074_STD_UTM33_v01.gdb/a00000001.freelist",16728,448,1749965168
"EMSN074_STD_UTM33_v01.gdb/a00000001.gdbindexes",110,82,2529943236
"EMSN074_STD_UTM33_v01.gdb/a00000001.gdbtable",2785,1051,227660687
"EMSN074_STD_UTM33_v01.gdb/a00000001.gdbtablx",5152,173,290522437
"EMSN074_STD_UTM33_v01.gdb/a00000001.TablesByName.atx",20502,604,4083633694
"EMSN074_STD_UTM33_v01.gdb/a00000002.gdbtable",2055,642,1868924595
"EMSN074_STD_UTM33_v01.gdb/a00000002.gdbtablx",5152,133,2165908499
"EMSN074_STD_UTM33_v01.gdb/a00000003.gdbindexes",42,40,279189289
"EMSN074_STD_UTM33_v01.gdb/a00000003.gdbtable",2759,662,1977542721
"EMSN074_STD_UTM33_v01.gdb/a00000003.gdbtablx",5152,65,1907976205
"EMSN074_STD_UTM33_v01.gdb/a00000004.CatItemsByPhysicalName.atx",32790,1303,282482266
"EMSN074_STD_UTM33_v01.gdb/a00000004.CatItemsByType.atx",12310,434,1700614451
"EMSN074_STD_UTM33_v01.gdb/a00000004.FDO_UUID.atx",12310,2609,3050436933
"EMSN074_STD_UTM33_v01.gdb/a00000004.freelist",74072,6502,472111013
"EMSN074_STD_UTM33_v01.gdb/a00000004.gdbindexes",310,132,548459433
"EMSN074_STD_UTM33_v01.gdb/a00000004.gdbtable",2531275,158142,1330142276
"EMSN074_STD_UTM33_v01.gdb/a00000004.gdbtablx",5152,497,4286591383
"EMSN074_STD_UTM33_v01.gdb/a00000004.spx",229398,1350,2478048327
"EMSN074_STD_UTM33_v01.gdb/a00000005.CatItemTypesByName.atx",12310,530,538336415
"EMSN074_STD_UTM33_v01.gdb/a00000005.CatItemTypesByParentTypeID.atx",4118,278,4226820971
"EMSN074_STD_UTM33_v01.gdb/a00000005.CatItemTypesByUUID.atx",4118,865,3390262323
"EMSN074_STD_UTM33_v01.gdb/a00000005.gdbindexes",296,119,2175196442
"EMSN074_STD_UTM33_v01.gdb/a00000005.gdbtable",1803,1119,392351807
"EMSN074_STD_UTM33_v01.gdb/a00000005.gdbtablx",5152,127,154725557
"EMSN074_STD_UTM33_v01.gdb/a00000006.CatRelsByDestinationID.atx",12310,1601,115803474
"EMSN074_STD_UTM33_v01.gdb/a00000006.CatRelsByOriginID.atx",12310,711,1950482754
"EMSN074_STD_UTM33_v01.gdb/a00000006.CatRelsByType.atx",12310,370,107349099
"EMSN074_STD_UTM33_v01.gdb/a00000006.FDO_UUID.atx",12310,2413,1049793973
"EMSN074_STD_UTM33_v01.gdb/a00000006.freelist",8536,287,3568592910
"EMSN074_STD_UTM33_v01.gdb/a00000006.gdbindexes",318,129,297724318
"EMSN074_STD_UTM33_v01.gdb/a00000006.gdbtable",18301,5353,82381954
"EMSN074_STD_UTM33_v01.gdb/a00000006.gdbtablx",5152,353,281336814
"EMSN074_STD_UTM33_v01.gdb/a00000007.CatRelTypesByBackwardLabel.atx",4118,333,831352792
"EMSN074_STD_UTM33_v01.gdb/a00000007.CatRelTypesByDestItemTypeID.atx",4118,297,1195728318
"EMSN074_STD_UTM33_v01.gdb/a00000007.CatRelTypesByForwardLabel.atx",4118,265,2715059009
"EMSN074_STD_UTM33_v01.gdb/a00000007.CatRelTypesByName.atx",4118,337,4261984477
"EMSN074_STD_UTM33_v01.gdb/a00000007.CatRelTypesByOriginItemTypeID.atx",4118,382,717017268
"EMSN074_STD_UTM33_v01.gdb/a00000007.CatRelTypesByUUID.atx",4118,483,1661793042
"EMSN074_STD_UTM33_v01.gdb/a00000007.gdbindexes",602,172,3251437668
"EMSN074_STD_UTM33_v01.gdb/a00000007.gdbtable",2504,1306,4270982523
"EMSN074_STD_UTM33_v01.gdb/a00000007.gdbtablx",5152,89,1059106410
"EMSN074_STD_UTM33_v01.gdb/a0000001a.gdbindexes",70,50,2415404108
"EMSN074_STD_UTM33_v01.gdb/a0000001a.gdbtable",165,100,1708726184
"EMSN074_STD_UTM33_v01.gdb/a0000001a.gdbtablx",32,19,4221537549
"EMSN074_STD_UTM33_v01.gdb/a0000001b.gdbindexes",66,46,2675677118
"EMSN074_STD_UTM33_v01.gdb/a0000001b.gdbtable",138,95,2774719752
"EMSN074_STD_UTM33_v01.gdb/a0000001b.gdbtablx",32,19,4221537549
"EMSN074_STD_UTM33_v01.gdb/a0000001c.band_index.atx",4118,33,1674749407
"EMSN074_STD_UTM33_v01.gdb/a0000001c.blk_key_index.atx",4118,34,824670517
"EMSN074_STD_UTM33_v01.gdb/a0000001c.col_index.atx",4118,33,1674749407
"EMSN074_STD_UTM33_v01.gdb/a0000001c.gdbindexes",308,127,1373541981
"EMSN074_STD_UTM33_v01.gdb/a0000001c.gdbtable",225,138,2112345509
"EMSN074_STD_UTM33_v01.gdb/a0000001c.gdbtablx",32,19,4221537549
"EMSN074_STD_UTM33_v01.gdb/a0000001c.row_index.atx",4118,33,1674749407
"EMSN074_STD_UTM33_v01.gdb/a0000001d.gdbindexes",86,55,1221258441
"EMSN074_STD_UTM33_v01.gdb/a0000001d.gdbtable",498,193,926962748
"EMSN074_STD_UTM33_v01.gdb/a0000001d.gdbtablx",32,19,4221537549
"EMSN074_STD_UTM33_v01.gdb/a00000023.gdbindexes",70,50,2415404108
"EMSN074_STD_UTM33_v01.gdb/a00000023.gdbtable",165,100,1708726184
"EMSN074_STD_UTM33_v01.gdb/a00000023.gdbtablx",32,19,4221537549
"EMSN074_STD_UTM33_v01.gdb/a00000024.gdbindexes",66,46,2675677118
"EMSN074_STD_UTM33_v01.gdb/a00000024.gdbtable",138,95,2774719752
"EMSN074_STD_UTM33_v01.gdb/a00000024.gdbtablx",32,19,4221537549
"EMSN074_STD_UTM33_v01.gdb/a00000025.band_index.atx",4118,33,1674749407
"EMSN074_STD_UTM33_v01.gdb/a00000025.blk_key_index.atx",4118,34,824670517
"EMSN074_STD_UTM33_v01.gdb/a00000025.col_index.atx",4118,33,1674749407
"EMSN074_STD_UTM33_v01.gdb/a00000025.gdbindexes",308,127,1373541981
"EMSN074_STD_UTM33_v01.gdb/a00000025.gdbtable",225,138,2112345509
"EMSN074_STD_UTM33_v01.gdb/a00000025.gdbtablx",32,19,4221537549
"EMSN074_STD_UTM33_v01.gdb/a00000025.row_index.atx",4118,33,1674749407
"EMSN074_STD_UTM33_v01.gdb/a00000026.gdbindexes",86,55,1221258441
"EMSN074_STD_UTM33_v01.gdb/a00000026.gdbtable",498,193,926962748
"EMSN074_STD_UTM33_v01.gdb/a00000026.gdbtablx",32,19,4221537549
"EMSN074_STD_UTM33_v01.gdb/a0000002c.gdbindexes",70,50,2415404108
"EMSN074_STD_UTM33_v01.gdb/a0000002c.gdbtable",165,100,1708726184
"EMSN074_STD_UTM33_v01.gdb/a0000002c.gdbtablx",32,19,4221537549
"EMSN074_STD_UTM33_v01.gdb/a0000002d.gdbindexes",66,46,2675677118
"EMSN074_STD_UTM33_v01.gdb/a0000002d.gdbtable",138,95,2774719752
"EMSN074_STD_UTM33_v01.gdb/a0000002d.gdbtablx",32,19,4221537549
"EMSN074_STD_UTM33_v01.gdb/a0000002e.band_index.atx",4118,33,1674749407
"EMSN074_STD_UTM33_v01.gdb/a0000002e.blk_key_index.atx",4118,34,824670517
"EMSN074_STD_UTM33_v01.gdb/a0000002e.col_index.atx",4118,33,1674749407
"EMSN074_STD_UTM33_v01.gdb/a0000002e.gdbindexes",308,127,1373541981
"EMSN074_STD_UTM33_v01.gdb/a0000002e.gdbtable",225,138,2112345509
"EMSN074_STD_UTM33_v01.gdb/a0000002e.gdbtablx",32,19,4221537549
"EMSN074_STD_UTM33_v01.gdb/a0000002e.row_index.atx",4118,33,1674749407
"EMSN074_STD_UTM33_v01.gdb/a0000002f.gdbindexes",86,55,1221258441
"EMSN074_STD_UTM33_v01.gdb/a0000002f.gdbtable",498,193,926962748
"EMSN074_STD_UTM33_v01.gdb/a0000002f.gdbtablx",32,19,4221537549
"EMSN074_STD_UTM33_v01.gdb/a00000035.gdbindexes",70,50,2415404108
"EMSN074_STD_UTM33_v01.gdb/a00000035.gdbtable",165,100,1708726184
"EMSN074_STD_UTM33_v01.gdb/a00000035.gdbtablx",32,19,4221537549
"EMSN074_STD_UTM33_v01.gdb/a00000036.gdbindexes",66,46,2675677118
"EMSN074_STD_UTM33_v01.gdb/a00000036.gdbtable",138,95,2774719752
"EMSN074_STD_UTM33_v01.gdb/a00000036.gdbtablx",32,19,4221537549
"EMSN074_STD_UTM33_v01.gdb/a00000037.band_index.atx",4118,33,1674749407
"EMSN074_STD_UTM33_v01.gdb/a00000037.blk_key_index.atx",4118,34,824670517
"EMSN074_STD_UTM33_v01.gdb/a00000037.col_index.atx",4118,33,1674749407
"EMSN074_STD_UTM33_v01.gdb/a00000037.gdbindexes",308,127,1373541981
"EMSN074_STD_UTM33_v01.gdb/a00000037.gdbtable",225,138,2112345509
"EMSN074_STD_UTM33_v01.gdb/a00000037.gdbtablx",32,19,4221537549
"EMSN074_STD_UTM33_v01.gdb/a00000037.row_index.atx",4118,33,1674749407
"EMSN074_STD_UTM33_v01.gdb/a00000038.gdbindexes",86,55,1221258441
"EMSN074_STD_UTM33_v01.gdb/a00000038.gdbtable",498,193,926962748
"EMSN074_STD_UTM33_v01.gdb/a00000038.gdbtablx",32,19,4221537549
"EMSN074_STD_UTM33_v01.gdb/a00000045.freelist",4440,50,4161250503
"EMSN074_STD_UTM33_v01.gdb/a00000045.gdbindexes",116,67,4286214332
"EMSN074_STD_UTM33_v01.gdb/a00000045.gdbtable",2024,671,493264145
"EMSN074_STD_UTM33_v01.gdb/a00000045.gdbtablx",32,19,4221537549
"EMSN074_STD_UTM33_v01.gdb/a00000045.spx",4118,33,2251296991
"EMSN074_STD_UTM33_v01.gdb/a00000049.freelist",16728,111,1581615554
"EMSN074_STD_UTM33_v01.gdb/a00000049.gdbindexes",116,67,4286214332
"EMSN074_STD_UTM33_v01.gdb/a00000049.gdbtable",2800,727,4205206980
"EMSN074_STD_UTM33_v01.gdb/a00000049.gdbtablx",32,19,4221537549
"EMSN074_STD_UTM33_v01.gdb/a00000049.spx",4118,33,2251296991
"EMSN074_STD_UTM33_v01.gdb/a0000004d.freelist",8536,74,2886748458
"EMSN074_STD_UTM33_v01.gdb/a0000004d.gdbindexes",116,67,4286214332
"EMSN074_STD_UTM33_v01.gdb/a0000004d.gdbtable",2206,692,3755780338
"EMSN074_STD_UTM33_v01.gdb/a0000004d.gdbtablx",32,19,4221537549
"EMSN074_STD_UTM33_v01.gdb/a0000004d.spx",4118,33,2251296991
"EMSN074_STD_UTM33_v01.gdb/a00000053.gdbindexes",116,67,4286214332
"EMSN074_STD_UTM33_v01.gdb/a00000053.gdbtable",1447,614,1436497820
"EMSN074_STD_UTM33_v01.gdb/a00000053.gdbtablx",32,19,4221537549
"EMSN074_STD_UTM33_v01.gdb/a00000053.spx",4118,33,2251296991
"EMSN074_STD_UTM33_v01.gdb/a00000055.gdbindexes",116,67,4286214332
"EMSN074_STD_UTM33_v01.gdb/a00000055.gdbtable",1477,629,2734407656
"EMSN074_STD_UTM33_v01.gdb/a00000055.gdbtablx",32,19,4221537549
"EMSN074_STD_UTM33_v01.gdb/a00000055.spx",4118,33,2251296991
"EMSN074_STD_UTM33_v01.gdb/a00000056.gdbindexes",116,67,4286214332
"EMSN074_STD_UTM33_v01.gdb/a00000056.gdbtable",1503,637,411332019
"EMSN074_STD_UTM33_v01.gdb/a00000056.gdbtablx",32,19,4221537549
"EMSN074_STD_UTM33_v01.gdb/a00000056.spx",4118,33,2251296991
"EMSN074_STD_UTM33_v01.gdb/a00000058.gdbindexes",116,67,4286214332
"EMSN074_STD_UTM33_v01.gdb/a00000058.gdbtable",1482,651,3623617061
"EMSN074_STD_UTM33_v01.gdb/a00000058.gdbtablx",32,19,4221537549
"EMSN074_STD_UTM33_v01.gdb/a00000058.spx",4118,33,2251296991
"EMSN074_STD_UTM33_v01.gdb/a00000059.freelist",53592,1103,1098939304
"EMSN074_STD_UTM33_v01.gdb/a00000059.gdbindexes",116,70,1731915611
"EMSN074_STD_UTM33_v01.gdb/a00000059.gdbtable",113946,100840,796005431
"EMSN074_STD_UTM33_v01.gdb/a00000059.gdbtablx",5152,781,2886812049
"EMSN074_STD_UTM33_v01.gdb/a00000059.spx",12310,651,4253877528
"EMSN074_STD_UTM33_v01.gdb/a0000005a.freelist",475480,153565,4102038982
"EMSN074_STD_UTM33_v01.gdb/a0000005a.gdbindexes",116,70,1731915611
"EMSN074_STD_UTM33_v01.gdb/a0000005a.gdbtable",7892567,4364157,4225164088
"EMSN074_STD_UTM33_v01.gdb/a0000005a.gdbtablx",179360,90715,1511946268
"EMSN074_STD_UTM33_v01.gdb/a0000005a.spx",892950,139463,1137526041
"EMSN074_STD_UTM33_v01.gdb/a0000005b.freelist",37208,766,536300926
"EMSN074_STD_UTM33_v01.gdb/a0000005b.gdbindexes",116,70,1731915611
"EMSN074_STD_UTM33_v01.gdb/a0000005b.gdbtable",102635,29007,1373485832
"EMSN074_STD_UTM33_v01.gdb/a0000005b.gdbtablx",10272,1870,730453552
"EMSN074_STD_UTM33_v01.gdb/a0000005b.spx",16406,2240,1657089584
"EMSN074_STD_UTM33_v01.gdb/a0000005c.freelist",90456,22630,2616820998
"EMSN074_STD_UTM33_v01.gdb/a0000005c.gdbindexes",116,70,1731915611
"EMSN074_STD_UTM33_v01.gdb/a0000005c.gdbtable",1280411,711287,2080688779
"EMSN074_STD_UTM33_v01.gdb/a0000005c.gdbtablx",41120,22162,3816807438
"EMSN074_STD_UTM33_v01.gdb/a0000005c.spx",172054,21490,770366985
"EMSN074_STD_UTM33_v01.gdb/a0000005d.freelist",37208,1697,1144090686
"EMSN074_STD_UTM33_v01.gdb/a0000005d.gdbindexes",116,70,1731915611
"EMSN074_STD_UTM33_v01.gdb/a0000005d.gdbtable",118199,67458,3478337221
"EMSN074_STD_UTM33_v01.gdb/a0000005d.gdbtablx",15392,2326,2364546874
"EMSN074_STD_UTM33_v01.gdb/a0000005d.spx",20502,1803,3885545935
"EMSN074_STD_UTM33_v01.gdb/a0000005e.freelist",33112,330,697415438
"EMSN074_STD_UTM33_v01.gdb/a0000005e.gdbindexes",116,70,1731915611
"EMSN074_STD_UTM33_v01.gdb/a0000005e.gdbtable",10953,4650,797304199
"EMSN074_STD_UTM33_v01.gdb/a0000005e.gdbtablx",5152,216,1650171826
"EMSN074_STD_UTM33_v01.gdb/a0000005e.spx",4118,207,479637386
"EMSN074_STD_UTM33_v01.gdb/a0000005f.freelist",29016,576,1848690462
"EMSN074_STD_UTM33_v01.gdb/a0000005f.gdbindexes",116,70,1731915611
"EMSN074_STD_UTM33_v01.gdb/a0000005f.gdbtable",20289,13670,4080454339
"EMSN074_STD_UTM33_v01.gdb/a0000005f.gdbtablx",5152,193,1519408104
"EMSN074_STD_UTM33_v01.gdb/a0000005f.spx",4118,132,2018823888
"EMSN074_STD_UTM33_v01.gdb/a00000060.freelist",16728,119,3449040390
"EMSN074_STD_UTM33_v01.gdb/a00000060.gdbindexes",116,70,1731915611
"EMSN074_STD_UTM33_v01.gdb/a00000060.gdbtable",2300,1033,2939433623
"EMSN074_STD_UTM33_v01.gdb/a00000060.gdbtablx",5152,32,1133548438
"EMSN074_STD_UTM33_v01.gdb/a00000060.spx",4118,33,2251296991
"EMSN074_STD_UTM33_v01.gdb/a00000061.freelist",37208,443,1840625325
"EMSN074_STD_UTM33_v01.gdb/a00000061.gdbindexes",116,70,1731915611
"EMSN074_STD_UTM33_v01.gdb/a00000061.gdbtable",14011,10977,490945112
"EMSN074_STD_UTM33_v01.gdb/a00000061.gdbtablx",5152,59,2676095015
"EMSN074_STD_UTM33_v01.gdb/a00000061.spx",4118,78,436220201
"EMSN074_STD_UTM33_v01.gdb/a00000062.freelist",20824,139,4181668274
"EMSN074_STD_UTM33_v01.gdb/a00000062.gdbindexes",116,70,1731915611
"EMSN074_STD_UTM33_v01.gdb/a00000062.gdbtable",4075,1433,3050166147
"EMSN074_STD_UTM33_v01.gdb/a00000062.gdbtablx",5152,44,296369492
"EMSN074_STD_UTM33_v01.gdb/a00000062.spx",4118,76,654471222
"EMSN074_STD_UTM33_v01.gdb/a00000063.freelist",37208,1110,1346949342
"EMSN074_STD_UTM33_v01.gdb/a00000063.gdbindexes",116,70,1731915611
"EMSN074_STD_UTM33_v01.gdb/a00000063.gdbtable",39264,22636,4109454360
"EMSN074_STD_UTM33_v01.gdb/a00000063.gdbtablx",5152,491,2395069340
"EMSN074_STD_UTM33_v01.gdb/a00000063.spx",4118,530,1562566694
"EMSN074_STD_UTM33_v01.gdb/a00000065.freelist",12632,81,2095823612
"EMSN074_STD_UTM33_v01.gdb/a00000065.gdbindexes",116,70,1731915611
"EMSN074_STD_UTM33_v01.gdb/a00000065.gdbtable",2066,843,1583236185
"EMSN074_STD_UTM33_v01.gdb/a00000065.gdbtablx",5152,31,1139486820
"EMSN074_STD_UTM33_v01.gdb/a00000065.spx",4118,36,3903442695
"EMSN074_STD_UTM33_v01.gdb/a00000066.freelist",12632,85,3831036691
"EMSN074_STD_UTM33_v01.gdb/a00000066.gdbindexes",116,70,1731915611
"EMSN074_STD_UTM33_v01.gdb/a00000066.gdbtable",3362,2091,1804849492
"EMSN074_STD_UTM33_v01.gdb/a00000066.gdbtablx",5152,51,2738590442
"EMSN074_STD_UTM33_v01.gdb/a00000066.spx",4118,78,3496155974
"EMSN074_STD_UTM33_v01.gdb/a00000067.freelist",16728,132,1418334320
"EMSN074_STD_UTM33_v01.gdb/a00000067.gdbindexes",116,70,1731915611
"EMSN074_STD_UTM33_v01.gdb/a00000067.gdbtable",3227,1607,1698507109
"EMSN074_STD_UTM33_v01.gdb/a00000067.gdbtablx",5152,32,2562819208
"EMSN074_STD_UTM33_v01.gdb/a00000067.spx",4118,33,2251296991
"EMSN074_STD_UTM33_v01.gdb/a00000068.freelist",12632,111,2423425138
"EMSN074_STD_UTM33_v01.gdb/a00000068.gdbindexes",116,70,1731915611
"EMSN074_STD_UTM33_v01.gdb/a00000068.gdbtable",3130,1009,2676505636
"EMSN074_STD_UTM33_v01.gdb/a00000068.gdbtablx",5152,39,1280500567
"EMSN074_STD_UTM33_v01.gdb/a00000068.spx",4118,76,450331697
"EMSN074_STD_UTM33_v01.gdb/a00000069.freelist",8536,68,1331021864
"EMSN074_STD_UTM33_v01.gdb/a00000069.gdbindexes",116,70,1731915611
"EMSN074_STD_UTM33_v01.gdb/a00000069.gdbtable",2150,723,2804942074
"EMSN074_STD_UTM33_v01.gdb/a00000069.gdbtablx",32,19,4221537549
"EMSN074_STD_UTM33_v01.gdb/a00000069.spx",4118,33,2251296991
"EMSN074_STD_UTM33_v01.gdb/a0000006a.freelist",33112,336,820835692
"EMSN074_STD_UTM33_v01.gdb/a0000006a.gdbindexes",116,70,1731915611
"EMSN074_STD_UTM33_v01.gdb/a0000006a.gdbtable",11126,5616,109069987
"EMSN074_STD_UTM33_v01.gdb/a0000006a.gdbtablx",5152,190,1061189644
"EMSN074_STD_UTM33_v01.gdb/a0000006a.spx",4118,227,2834812462
"EMSN074_STD_UTM33_v01.gdb/a0000006c.freelist",8536,142,1664522137
"EMSN074_STD_UTM33_v01.gdb/a0000006c.gdbindexes",116,70,1731915611
"EMSN074_STD_UTM33_v01.gdb/a0000006c.gdbtable",3693,1092,1759392196
"EMSN074_STD_UTM33_v01.gdb/a0000006c.gdbtablx",5152,104,1468437235
"EMSN074_STD_UTM33_v01.gdb/a0000006c.spx",4118,119,3206851846
"EMSN074_STD_UTM33_v01.gdb/a0000006d.freelist",16728,104,2291828265
"EMSN074_STD_UTM33_v01.gdb/a0000006d.gdbindexes",116,70,1731915611
"EMSN074_STD_UTM33_v01.gdb/a0000006d.gdbtable",3407,1236,3885813937
"EMSN074_STD_UTM33_v01.gdb/a0000006d.gdbtablx",5152,55,2152387897
"EMSN074_STD_UTM33_v01.gdb/a0000006d.spx",4118,125,2465798473
"EMSN074_STD_UTM33_v01.gdb/a00000083.freelist",8536,81,3669806173
"EMSN074_STD_UTM33_v01.gdb/a00000083.gdbindexes",116,70,1731915611
"EMSN074_STD_UTM33_v01.gdb/a00000083.gdbtable",3355,1348,3323675753
"EMSN074_STD_UTM33_v01.gdb/a00000083.gdbtablx",5152,160,1930181395
"EMSN074_STD_UTM33_v01.gdb/a00000083.spx",4118,184,2339668944
"EMSN074_STD_UTM33_v01.gdb/a0000008e.freelist",8536,66,3597136030
"EMSN074_STD_UTM33_v01.gdb/a0000008e.gdbindexes",206,105,2474400224
"EMSN074_STD_UTM33_v01.gdb/a0000008e.gdbtable",2107,1360,3687777416
"EMSN074_STD_UTM33_v01.gdb/a0000008e.gdbtablx",5152,34,3161618093
"EMSN074_STD_UTM33_v01.gdb/a0000008e.GDB_190_IsRetired.atx",4118,38,2532193896
"EMSN074_STD_UTM33_v01.gdb/a0000008e.spx",4118,343,3032590344
"EMSN074_STD_UTM33_v01.gdb/a0000008f.G191multi.DestClassID.atx",4118,48,583924037
"EMSN074_STD_UTM33_v01.gdb/a0000008f.G191multi.DestID.atx",4118,46,4177411093
"EMSN074_STD_UTM33_v01.gdb/a0000008f.G191multi.OriginClassID.atx",4118,48,849128753
"EMSN074_STD_UTM33_v01.gdb/a0000008f.G191multi.OriginID.atx",4118,48,4169350803
"EMSN074_STD_UTM33_v01.gdb/a0000008f.G191multi.TopoRuleID.atx",4118,49,2598596261
"EMSN074_STD_UTM33_v01.gdb/a0000008f.G191multi.TopoRuleType.atx",4118,49,425235702
"EMSN074_STD_UTM33_v01.gdb/a0000008f.gdbindexes",388,170,4125145589
"EMSN074_STD_UTM33_v01.gdb/a0000008f.gdbtable",1416,646,2144528971
"EMSN074_STD_UTM33_v01.gdb/a0000008f.gdbtablx",5152,48,3481660795
"EMSN074_STD_UTM33_v01.gdb/a0000008f.GDB_191_IsException.atx",4118,46,2380708953
"EMSN074_STD_UTM33_v01.gdb/a0000008f.spx",4118,63,2121119985
"EMSN074_STD_UTM33_v01.gdb/a00000090.freelist",4440,49,1999765072
"EMSN074_STD_UTM33_v01.gdb/a00000090.G192multi.DestClassID.atx",4118,33,1674749407
"EMSN074_STD_UTM33_v01.gdb/a00000090.G192multi.DestID.atx",4118,33,1674749407
"EMSN074_STD_UTM33_v01.gdb/a00000090.G192multi.OriginClassID.atx",4118,33,1674749407
"EMSN074_STD_UTM33_v01.gdb/a00000090.G192multi.OriginID.atx",4118,33,1674749407
"EMSN074_STD_UTM33_v01.gdb/a00000090.G192multi.TopoRuleID.atx",4118,33,1674749407
"EMSN074_STD_UTM33_v01.gdb/a00000090.G192multi.TopoRuleType.atx",4118,33,1674749407
"EMSN074_STD_UTM33_v01.gdb/a00000090.gdbindexes",388,171,3295069577
"EMSN074_STD_UTM33_v01.gdb/a00000090.gdbtable",1325,653,4061075530
"EMSN074_STD_UTM33_v01.gdb/a00000090.gdbtablx",5152,31,1139486820
"EMSN074_STD_UTM33_v01.gdb/a00000090.GDB_192_IsException.atx",4118,33,1674749407
"EMSN074_STD_UTM33_v01.gdb/a00000090.spx",4118,33,2251296991
"EMSN074_STD_UTM33_v01.gdb/a00000091.G193multi.DestClassID.atx",4118,33,1674749407
"EMSN074_STD_UTM33_v01.gdb/a00000091.G193multi.DestID.atx",4118,33,1674749407
"EMSN074_STD_UTM33_v01.gdb/a00000091.G193multi.OriginClassID.atx",4118,33,1674749407
"EMSN074_STD_UTM33_v01.gdb/a00000091.G193multi.OriginID.atx",4118,33,1674749407
"EMSN074_STD_UTM33_v01.gdb/a00000091.G193multi.TopoRuleID.atx",4118,33,1674749407
"EMSN074_STD_UTM33_v01.gdb/a00000091.G193multi.TopoRuleType.atx",4118,33,1674749407
"EMSN074_STD_UTM33_v01.gdb/a00000091.gdbindexes",388,171,3571773021
"EMSN074_STD_UTM33_v01.gdb/a00000091.gdbtable",1268,560,1131019041
"EMSN074_STD_UTM33_v01.gdb/a00000091.gdbtablx",32,19,4221537549
"EMSN074_STD_UTM33_v01.gdb/a00000091.GDB_193_IsException.atx",4118,33,1674749407
"EMSN074_STD_UTM33_v01.gdb/a00000091.spx",4118,33,2251296991
"EMSN074_STD_UTM33_v01.gdb/a00000092.freelist",29016,282,3765460788
"EMSN074_STD_UTM33_v01.gdb/a00000092.gdbindexes",116,70,1731915611
"EMSN074_STD_UTM33_v01.gdb/a00000092.gdbtable",10114,5398,1174706686
"EMSN074_STD_UTM33_v01.gdb/a00000092.gdbtablx",5152,190,2904359410
"EMSN074_STD_UTM33_v01.gdb/a00000092.spx",4118,248,2081012327
"EMSN074_STD_UTM33_v01.gdb/a00000093.freelist",8536,195,1984107994
"EMSN074_STD_UTM33_v01.gdb/a00000093.gdbindexes",116,70,1731915611
"EMSN074_STD_UTM33_v01.gdb/a00000093.gdbtable",5208,1402,3746148220
"EMSN074_STD_UTM33_v01.gdb/a00000093.gdbtablx",5152,153,2180784670
"EMSN074_STD_UTM33_v01.gdb/a00000093.spx",4118,174,3311547906
"EMSN074_STD_UTM33_v01.gdb/a00000094.freelist",29016,1160,3250448658
"EMSN074_STD_UTM33_v01.gdb/a00000094.gdbindexes",116,70,1731915611
"EMSN074_STD_UTM33_v01.gdb/a00000094.gdbtable",59690,20179,3337091327
"EMSN074_STD_UTM33_v01.gdb/a00000094.gdbtablx",5152,1855,3675161037
"EMSN074_STD_UTM33_v01.gdb/a00000094.spx",16406,2043,4191259702
"EMSN074_STD_UTM33_v01.gdb/a0000009f.freelist",37208,1019,1109576557
"EMSN074_STD_UTM33_v01.gdb/a0000009f.gdbindexes",116,67,4286214332
"EMSN074_STD_UTM33_v01.gdb/a0000009f.gdbtable",91888,60800,51465401
"EMSN074_STD_UTM33_v01.gdb/a0000009f.gdbtablx",5152,1626,1689333471
"EMSN074_STD_UTM33_v01.gdb/a0000009f.spx",20502,3287,1479854299
"EMSN074_STD_UTM33_v01.gdb/a000000a0.freelist",37208,1106,164756468
"EMSN074_STD_UTM33_v01.gdb/a000000a0.gdbindexes",116,67,4286214332
"EMSN074_STD_UTM33_v01.gdb/a000000a0.gdbtable",95843,62285,1124096379
"EMSN074_STD_UTM33_v01.gdb/a000000a0.gdbtablx",5152,1632,1504410433
"EMSN074_STD_UTM33_v01.gdb/a000000a0.spx",20502,3327,3954328952
"EMSN074_STD_UTM33_v01.gdb/gdb",4,4,379203374
"EMSN074_STD_UTM33_v01.gdb/timestamps",400,38,2540223690
