experiment,fold,test_domain,validation_domain,train_records,validation_records,test_records,excluded_records,empty_partition,small_validation_warning,small_test_warning
turkiye_city_native,0,Antakya,Hassa,461,35,45,18,False,False,False
turkiye_city_native,1,Hassa,Iskendurun,438,68,35,18,False,False,False
turkiye_city_native,2,Iskendurun,Islahiye,386,87,68,18,False,False,False
turkiye_city_native,3,Islahiye,Kahramanmaras,344,110,87,18,False,False,False
turkiye_city_native,4,Kahramanmaras,Kirikhan,386,45,110,18,False,False,False
turkiye_city_native,5,Kirikhan,Narli,459,37,45,18,False,False,False
turkiye_city_native,6,Narli,Pazarcik,437,67,37,18,False,False,False
turkiye_city_native,7,Nurdagi,Pazarcik,471,67,3,18,False,False,True
turkiye_city_native,8,Pazarcik,Turkoglu,430,44,67,18,False,False,False
turkiye_city_native,9,Turkoglu,Antakya,452,45,44,18,False,False,False
nepal_district_native,0,12,20,653993,68749,39352,12,False,False,False
nepal_district_native,1,20,21,634733,58612,68749,12,False,False,False
nepal_district_native,2,21,22,642843,60639,58612,12,False,False,False
nepal_district_native,3,22,23,612714,88741,60639,12,False,False,False
nepal_district_native,4,23,24,575334,98019,88741,12,False,False,False
nepal_district_native,5,24,28,586927,77148,98019,12,False,False,False
nepal_district_native,6,28,29,672302,12644,77148,12,False,False,False
nepal_district_native,7,29,30,660328,89122,12644,12,False,False,False
nepal_district_native,8,30,31,581978,90994,89122,12,False,False,False
nepal_district_native,9,31,36,593026,78074,90994,12,False,False,False
nepal_district_native,10,36,12,644668,39352,78074,12,False,False,False
rc619_event_native_X,0,bingol_2003,duzce_1999,352,209,57,1,False,False,False
rc619_event_native_X,1,duzce_1999,erzincan_1992,360,49,209,1,False,False,False
rc619_event_native_X,2,erzincan_1992,haiti_2010,409,160,49,1,False,False,False
rc619_event_native_X,3,haiti_2010,pisco_2007,431,27,160,1,False,True,False
rc619_event_native_X,4,pisco_2007,wenchuan_2008,475,116,27,1,False,False,True
rc619_event_native_X,5,wenchuan_2008,bingol_2003,445,57,116,1,False,False,False
rc619_event_native_HX_paired,0,bingol_2003,duzce_1999,179,116,57,267,False,False,False
rc619_event_native_HX_paired,1,duzce_1999,erzincan_1992,236,0,116,267,True,True,False
rc619_event_native_HX_paired,2,erzincan_1992,haiti_2010,193,159,0,267,True,False,True
rc619_event_native_HX_paired,3,haiti_2010,pisco_2007,173,20,159,267,False,True,False
rc619_event_native_HX_paired,4,pisco_2007,wenchuan_2008,332,0,20,267,True,True,True
rc619_event_native_HX_paired,5,wenchuan_2008,bingol_2003,295,57,0,267,True,False,True
spatial_city_native,0,Antakya,Jindires,874,6081,23167,0,False,False,False
spatial_city_native,1,Jindires,Nurdagi,23167,874,6081,0,False,False,False
spatial_city_native,2,Nurdagi,Antakya,6081,23167,874,0,False,False,False
