municipality_native,count
<NULL>,22
石川県、七尾市、つつじが浜,125
石川県、七尾市、なぎの浦,138
石川県、七尾市、一本杉町,128
石川県、七尾市、七原町,39
石川県、七尾市、万行町,1439
石川県、七尾市、万行町報国町,144
石川県、七尾市、三室町,389
石川県、七尾市、三島町,100
石川県、七尾市、三引町,400
石川県、七尾市、上府中町,95
石川県、七尾市、上野ケ丘町,80
石川県、七尾市、下町,507
石川県、七尾市、下町徳田町,411
石川県、七尾市、中島町上町,206
石川県、七尾市、中島町上畠,78
石川県、七尾市、中島町中島中町,35
石川県、七尾市、中島町中島代本,125
石川県、七尾市、中島町中島向出,60
石川県、七尾市、中島町中島大町,39
石川県、七尾市、中島町中島新町,54
石川県、七尾市、中島町中島熊野,270
石川県、七尾市、中島町中島要貝,169
石川県、七尾市、中島町別所,44
石川県、七尾市、中島町北免田,143
石川県、七尾市、中島町古江,44
石川県、七尾市、中島町土川,213
石川県、七尾市、中島町塩津,299
石川県、七尾市、中島町外,129
石川県、七尾市、中島町外原,87
石川県、七尾市、中島町大平,7
石川県、七尾市、中島町奥吉田,137
石川県、七尾市、中島町宮前,70
石川県、七尾市、中島町小牧,199
石川県、七尾市、中島町山戸田,122
石川県、七尾市、中島町崎山,74
石川県、七尾市、中島町横田,162
石川県、七尾市、中島町横見,30
石川県、七尾市、中島町河内,135
石川県、七尾市、中島町河崎,270
石川県、七尾市、中島町浜田,444
石川県、七尾市、中島町深浦,74
石川県、七尾市、中島町瀬嵐,231
石川県、七尾市、中島町田岸,43
石川県、七尾市、中島町町屋,58
石川県、七尾市、中島町笠師上笠師,131
石川県、七尾市、中島町笠師下笠師,116
石川県、七尾市、中島町笠師中笠師,105
石川県、七尾市、中島町笠師南側,126
石川県、七尾市、中島町筆染,91
石川県、七尾市、中島町藤瀬,216
石川県、七尾市、中島町西谷内,187
石川県、七尾市、中島町谷内,157
石川県、七尾市、中島町豊田,203
石川県、七尾市、中島町豊田町,93
石川県、七尾市、中島町長浦,110
石川県、七尾市、中島町鳥越,78
石川県、七尾市、中島町鹿島台,72
石川県、七尾市、中挾町,143
石川県、七尾市、亀山町,107
石川県、七尾市、今町,38
石川県、七尾市、伊久留町,457
石川県、七尾市、佐々波町,261
石川県、七尾市、佐味町,587
石川県、七尾市、佐野町,123
石川県、七尾市、作事町,80
石川県、七尾市、光陽台,111
石川県、七尾市、八幡町,409
石川県、七尾市、八田町,182
石川県、七尾市、北藤橋町,19
石川県、七尾市、千野町,642
石川県、七尾市、南ケ丘町,305
石川県、七尾市、南藤橋町,225
石川県、七尾市、古城町,21
石川県、七尾市、古屋敷町,152
石川県、七尾市、古府町,1101
石川県、七尾市、吉田町,485
石川県、七尾市、和倉町,233
石川県、七尾市、和倉町ひばり一丁目,4
石川県、七尾市、和倉町ひばり三丁目,120
石川県、七尾市、和倉町ひばり二丁目,114
石川県、七尾市、和倉町中町,98
石川県、七尾市、和倉町元町,300
石川県、七尾市、和倉町東町,324
石川県、七尾市、国下町,102
石川県、七尾市、国分町,859
石川県、七尾市、垣吉町,81
石川県、七尾市、塗師町,114
石川県、七尾市、外林町,7
石川県、七尾市、多根町,5
石川県、七尾市、大和町,437
石川県、七尾市、大手町,65
石川県、七尾市、大手町銀座町,5
石川県、七尾市、大津町,517
石川県、七尾市、大田新町,89
石川県、七尾市、大田町,527
石川県、七尾市、天神川原町,186
石川県、七尾市、奥原町,451
石川県、七尾市、富岡町,143
石川県、七尾市、寿町,104
石川県、七尾市、小丸山台一丁目,52
石川県、七尾市、小丸山台三丁目,138
石川県、七尾市、小丸山台二丁目,96
石川県、七尾市、小島町一丁目,248
石川県、七尾市、小島町三丁目,234
石川県、七尾市、小島町二丁目,283
石川県、七尾市、小島町西部,23
石川県、七尾市、小栗町,25
石川県、七尾市、小池川原町,80
石川県、七尾市、山王町,175
石川県、七尾市、岡町,75
石川県、七尾市、川原町,72
石川県、七尾市、川尻町,143
石川県、七尾市、常盤町,39
石川県、七尾市、府中町七軒町通,50
石川県、七尾市、府中町女良浜通,99
石川県、七尾市、府中町川淵通,57
石川県、七尾市、府中町浜通,133
石川県、七尾市、府中町立丁通,10
石川県、七尾市、庵町,129
石川県、七尾市、庵町百海町,4
石川県、七尾市、庵町虫崎町,57
石川県、七尾市、後畠町,294
石川県、七尾市、御祓町,67
石川県、七尾市、所口町,202
石川県、七尾市、新保町,161
石川県、七尾市、新屋町,82
石川県、七尾市、旭町,72
石川県、七尾市、昭和町,47
石川県、七尾市、木町,73
石川県、七尾市、本府中町一区,207
石川県、七尾市、本府中町三区,233
石川県、七尾市、本府中町二区,322
石川県、七尾市、本府中町五区,170
石川県、七尾市、本府中町四区,159
石川県、七尾市、本府中町巴町,101
石川県、七尾市、杉森町,124
石川県、七尾市、東三階町,157
石川県、七尾市、東山町,6
石川県、七尾市、松本町,134
石川県、七尾市、松百町,366
石川県、七尾市、松百町松百新町,262
石川県、七尾市、柑子町,35
石川県、七尾市、栄町,142
石川県、七尾市、桜町,119
石川県、七尾市、橘町,39
石川県、七尾市、檜物町,57
石川県、七尾市、殿町,97
石川県、七尾市、江曽町,304
石川県、七尾市、池崎町,323
石川県、七尾市、沢野町,213
石川県、七尾市、泉南台,155
石川県、七尾市、津向町,377
石川県、七尾市、深見町,147
石川県、七尾市、清水平町,24
石川県、七尾市、温井町,76
石川県、七尾市、湊町ニ丁目東部,91
石川県、七尾市、湊町ニ丁目西部,109
石川県、七尾市、湊町一丁目,197
石川県、七尾市、湯川町,252
石川県、七尾市、満仁町,165
石川県、七尾市、生駒町,67
石川県、七尾市、田鶴浜町,954
石川県、七尾市、町屋町,132
石川県、七尾市、白浜町,174
石川県、七尾市、白銀町,37
石川県、七尾市、白馬町,584
石川県、七尾市、盤若野町,182
石川県、七尾市、直津町,153
石川県、七尾市、相生町,117
石川県、七尾市、矢田新町,633
石川県、七尾市、矢田町,1763
石川県、七尾市、矢田町緑ケ丘町,402
石川県、七尾市、石崎町東一区,169
石川県、七尾市、石崎町東三区,156
石川県、七尾市、石崎町東二区,96
石川県、七尾市、石崎町東四区,163
石川県、七尾市、石崎町西一区,623
石川県、七尾市、石崎町西三区,438
石川県、七尾市、石崎町西二区,285
石川県、七尾市、石崎町香島一丁目,118
石川県、七尾市、石崎町香島三丁目,96
石川県、七尾市、石崎町香島二丁目,159
石川県、七尾市、祖浜町,212
石川県、七尾市、神明町,79
石川県、七尾市、竹町,144
石川県、七尾市、米町,63
石川県、七尾市、細口町,233
石川県、七尾市、能登島久木町,47
石川県、七尾市、能登島二穴町,81
石川県、七尾市、能登島佐波町,75
石川県、七尾市、能登島八ケ崎町,60
石川県、七尾市、能登島別所町,48
石川県、七尾市、能登島半浦町,231
石川県、七尾市、能登島南町,106
石川県、七尾市、能登島向田町,373
石川県、七尾市、能登島日出ケ島町,42
石川県、七尾市、能登島曲町,233
石川県、七尾市、能登島無関町,59
石川県、七尾市、能登島田尻町,41
石川県、七尾市、能登島百万石町,65
石川県、七尾市、能登島祖母ケ浦町,95
石川県、七尾市、能登島通町,52
石川県、七尾市、能登島野崎町,184
石川県、七尾市、能登島長崎町,80
石川県、七尾市、能登島閨町,185
石川県、七尾市、能登島須曽町,261
石川県、七尾市、能登島鰀目町,212
石川県、七尾市、舟尾町,326
石川県、七尾市、花園町,3
石川県、七尾市、若林町,167
石川県、七尾市、若林町徳田新町,81
石川県、七尾市、藤橋町,784
石川県、七尾市、藤橋町岩屋町,98
石川県、七尾市、藤野町,174
石川県、七尾市、藤野町二区,51
石川県、七尾市、袖ヶ江町,42
石川県、七尾市、西三階町,290
石川県、七尾市、西下町,120
石川県、七尾市、西藤橋町,191
石川県、七尾市、赤浦町,231
石川県、七尾市、郡町東部,117
石川県、七尾市、郡町西部,163
石川県、七尾市、鍛冶町,84
石川県、七尾市、阿良町,173
石川県、七尾市、青山町,44
石川県、七尾市、青葉台町,202
石川県、七尾市、須能町,2
石川県、七尾市、飯川町,452
石川県、七尾市、馬出町,176
石川県、七尾市、高田町,311
石川県、七尾市、魚町,138
石川県、七尾市、鵜浦町,231
石川県、七尾市、麻生町,38
石川県、中能登町、在江,247
石川県、中能登町、大槻,238
石川県、中能登町、川田,192
石川県、中能登町、廿九日,211
石川県、中能登町、新庄,268
石川県、中能登町、春木,176
石川県、中能登町、瀬戸,300
石川県、中能登町、花見月,11
石川県、志賀町、三明,73
石川県、志賀町、上野,402
石川県、志賀町、中山,97
石川県、志賀町、中浜,111
石川県、志賀町、中畠,65
石川県、志賀町、五里峠,92
石川県、志賀町、今田,100
石川県、志賀町、仏木,387
石川県、志賀町、代田,254
石川県、志賀町、倉垣,236
石川県、志賀町、入釜,41
石川県、志賀町、八幡,159
石川県、志賀町、八幡座主,60
石川県、志賀町、前浜,115
石川県、志賀町、北吉田,272
石川県、志賀町、印内,65
石川県、志賀町、和田,177
石川県、志賀町、地保,32
石川県、志賀町、堀松,430
石川県、志賀町、大津,211
石川県、志賀町、大福寺,216
石川県、志賀町、大笹,154
石川県、志賀町、大西,120
石川県、志賀町、安津見,370
石川県、志賀町、安部屋,276
石川県、志賀町、富来七海,120
石川県、志賀町、富来地頭町,606
石川県、志賀町、富来牛下,41
石川県、志賀町、富来生神,46
石川県、志賀町、富来領家町,814
石川県、志賀町、富来高田,219
石川県、志賀町、尊保,59
石川県、志賀町、小室,120
石川県、志賀町、小浦,182
石川県、志賀町、小窪,104
石川県、志賀町、川尻,127
石川県、志賀町、広地,61
石川県、志賀町、徳田,627
石川県、志賀町、日下田,33
石川県、志賀町、日用,10
石川県、志賀町、末吉,484
石川県、志賀町、東小室,173
石川県、志賀町、松木,46
石川県、志賀町、栗山,65
石川県、志賀町、栢木,81
石川県、志賀町、梨谷小山,278
石川県、志賀町、楚和,28
石川県、志賀町、深谷,29
石川県、志賀町、清水今江,98
石川県、志賀町、火打谷,150
石川県、志賀町、火打谷（出雲）,98
石川県、志賀町、牛ヶ首,119
石川県、志賀町、田中,48
石川県、志賀町、田原,109
石川県、志賀町、町,332
石川県、志賀町、町居,148
石川県、志賀町、百浦,445
石川県、志賀町、直海,386
石川県、志賀町、相神,390
石川県、志賀町、矢田,212
石川県、志賀町、矢蔵谷,506
石川県、志賀町、矢駄,26
石川県、志賀町、神代,129
石川県、志賀町、福浦港,511
石川県、志賀町、稲敷,115
石川県、志賀町、笹波,476
石川県、志賀町、米浜,31
石川県、志賀町、米町,220
石川県、志賀町、給分,189
石川県、志賀町、舘開,403
石川県、志賀町、若葉台,176
石川県、志賀町、草木,153
石川県、志賀町、草江,63
石川県、志賀町、荒屋,57
石川県、志賀町、西山台一丁目,49
石川県、志賀町、西山台二丁目,104
石川県、志賀町、西海久喜,123
石川県、志賀町、西海千ノ浦,244
石川県、志賀町、西海風戸,314
石川県、志賀町、西海風無,487
石川県、志賀町、谷屋,78
石川県、志賀町、谷神,58
石川県、志賀町、豊後名,49
石川県、志賀町、貝田,138
石川県、志賀町、赤住,574
石川県、志賀町、赤崎,403
石川県、志賀町、酒見,657
石川県、志賀町、釈迦堂,128
石川県、志賀町、里本江,501
石川県、志賀町、長田,63
石川県、志賀町、阿川,45
石川県、志賀町、高浜町,1654
石川県、志賀町、鵜野屋,79
石川県、志賀町、鹿頭,572
石川県、珠洲市、三崎町,4053
石川県、珠洲市、上戸町,1980
石川県、珠洲市、仁江町,88
石川県、珠洲市、唐笠町,45
石川県、珠洲市、大谷町,642
石川県、珠洲市、宝立町,4047
石川県、珠洲市、岩坂町,175
石川県、珠洲市、川浦町,80
石川県、珠洲市、折戸町,217
石川県、珠洲市、東山中町,84
石川県、珠洲市、正院町,2398
石川県、珠洲市、清水町,118
石川県、珠洲市、熊谷町,241
石川県、珠洲市、片岩町,112
石川県、珠洲市、狼煙町,285
石川県、珠洲市、真浦町,98
石川県、珠洲市、石神町,32
石川県、珠洲市、笹波町,58
石川県、珠洲市、若山町,2737
石川県、珠洲市、蛸島町,1935
石川県、珠洲市、野々江町,1307
石川県、珠洲市、長橋町,210
石川県、珠洲市、飯田町,1446
石川県、珠洲市、馬緤町,356
石川県、珠洲市、高屋町,257
石川県、穴水町、別所岳,3
石川県、穴水町、字七海,63
石川県、穴水町、字上野,57
石川県、穴水町、字中居,135
石川県、穴水町、字中居南,46
石川県、穴水町、字乙ケ崎,197
石川県、穴水町、字伊久留,130
石川県、穴水町、字内浦,56
石川県、穴水町、字前波,21
石川県、穴水町、字北七海,142
石川県、穴水町、字地蔵坊,38
石川県、穴水町、字大町,848
石川県、穴水町、字大郷,43
石川県、穴水町、字宇加川,1
石川県、穴水町、字宇留地,187
石川県、穴水町、字小又,66
石川県、穴水町、字山中,180
石川県、穴水町、字岩車,325
石川県、穴水町、字川尻,27
石川県、穴水町、字川島,1201
石川県、穴水町、字平野,75
石川県、穴水町、字志ケ浦,189
石川県、穴水町、字新崎,206
石川県、穴水町、字旭ケ丘,246
石川県、穴水町、字曽山,139
石川県、穴水町、字曽福,127
石川県、穴水町、字曽良,132
石川県、穴水町、字木原,65
石川県、穴水町、字東中谷,27
石川県、穴水町、字根木,118
石川県、穴水町、字梶,79
石川県、穴水町、字樟谷,30
石川県、穴水町、字此木,183
石川県、穴水町、字比良,91
石川県、穴水町、字沖波,14
石川県、穴水町、字河内,2
石川県、穴水町、字波志借,55
石川県、穴水町、字瑞鳳,45
石川県、穴水町、字由比ケ丘,232
石川県、穴水町、字甲,381
石川県、穴水町、字緑ケ丘,123
石川県、穴水町、字菅谷,24
石川県、穴水町、字藤巻,64
石川県、穴水町、字越の原,37
石川県、穴水町、字越渡,2
石川県、穴水町、字鵜島,79
石川県、穴水町、字鹿上,28
石川県、穴水町、字鹿島,68
石川県、穴水町、字鹿波,270
石川県、穴水町、字鹿路,11
石川県、穴水町、字麦ケ浦,81
石川県、能登町、上長尾,252
石川県、能登町、字上上東,74
石川県、能登町、字上上西,75
石川県、能登町、字上町,399
石川県、能登町、字不動寺,67
石川県、能登町、字中斉,222
石川県、能登町、字久田,140
石川県、能登町、字九里川尻,143
石川県、能登町、字五十里,204
石川県、能登町、字五郎左エ門分,117
石川県、能登町、字内浦長尾,292
石川県、能登町、字北河内,58
石川県、能登町、字十郎原,126
石川県、能登町、字合鹿,127
石川県、能登町、字四方山,107
石川県、能登町、字国光,172
石川県、能登町、字国重,68
石川県、能登町、字大箱,75
石川県、能登町、字天坂,168
石川県、能登町、字太田原,31
石川県、能登町、字姫,380
石川県、能登町、字姫一丁目,13
石川県、能登町、字姫三丁目,13
石川県、能登町、字姫二丁目,27
石川県、能登町、字宇出津三番町,62
石川県、能登町、字宇出津上岩屋町,108
石川県、能登町、字宇出津上田町,63
石川県、能登町、字宇出津上町,36
石川県、能登町、字宇出津下岩屋町,41
石川県、能登町、字宇出津中島町,25
石川県、能登町、字宇出津中町,80
石川県、能登町、字宇出津中組,48
石川県、能登町、字宇出津仙人町,106
石川県、能登町、字宇出津城山,113
石川県、能登町、字宇出津城野町,99
石川県、能登町、字宇出津大平,76
石川県、能登町、字宇出津大棚木,211
石川県、能登町、字宇出津大橋組,83
石川県、能登町、字宇出津大竹町,29
石川県、能登町、字宇出津大蔵町,38
石川県、能登町、字宇出津天保島,92
石川県、能登町、字宇出津天徳町,31
石川県、能登町、字宇出津小棚木,175
石川県、能登町、字宇出津川原町,34
石川県、能登町、字宇出津平体,46
石川県、能登町、字宇出津新村本町,46
石川県、能登町、字宇出津新村浜町,39
石川県、能登町、字宇出津新港一丁目,24
石川県、能登町、字宇出津新港三丁目,12
石川県、能登町、字宇出津新港二丁目,18
石川県、能登町、字宇出津昭和町,43
石川県、能登町、字宇出津本町,41
石川県、能登町、字宇出津栄町,51
石川県、能登町、字宇出津桜町,46
石川県、能登町、字宇出津梅ノ木,22
石川県、能登町、字宇出津横町,73
石川県、能登町、字宇出津浜小路,56
石川県、能登町、字宇出津浜町,42
石川県、能登町、字宇出津源平,176
石川県、能登町、字宇出津漆原,160
石川県、能登町、字宇出津立町,59
石川県、能登町、字宇出津酒垂町,43
石川県、能登町、字宇出津錦町,5
石川県、能登町、字宇出津音羽町,78
石川県、能登町、字宇加塚,14
石川県、能登町、字宮地,143
石川県、能登町、字宮犬,120
石川県、能登町、字寺分,92
石川県、能登町、字小木一丁目,75
石川県、能登町、字小木三丁目,60
石川県、能登町、字小木三矢第一,39
石川県、能登町、字小木三矢第二,81
石川県、能登町、字小木下浜第一,55
石川県、能登町、字小木下浜第三,146
石川県、能登町、字小木下浜第二,61
石川県、能登町、字小木下浜第四,85
石川県、能登町、字小木二丁目,36
石川県、能登町、字小木庄崎第一,102
石川県、能登町、字小木庄崎第三,29
石川県、能登町、字小木庄崎第二,86
石川県、能登町、字小木新町,70
石川県、能登町、字小木東町第一,87
石川県、能登町、字小木東町第三,121
石川県、能登町、字小木西町第一,94
石川県、能登町、字小木西町第二,75
石川県、能登町、字小木高浜第一,62
石川県、能登町、字小木高浜第二,72
石川県、能登町、字小木高瀬,5
石川県、能登町、字小浦,84
石川県、能登町、字小間生,154
石川県、能登町、字山中,55
石川県、能登町、字山田三田,19
石川県、能登町、字山田木住,80
石川県、能登町、字崎山一丁目,77
石川県、能登町、字崎山三丁目,167
石川県、能登町、字崎山二丁目,62
石川県、能登町、字崎山四丁目,133
石川県、能登町、字市之瀬上市之瀬,72
石川県、能登町、字市之瀬下市之瀬,157
石川県、能登町、字布浦もちの木団地,26
石川県、能登町、字布浦九ノ里,138
石川県、能登町、字布浦布浦,75
石川県、能登町、字布浦比那,198
石川県、能登町、字布浦空林,102
石川県、能登町、字布浦鹿泊,160
石川県、能登町、字当目,287
石川県、能登町、字恋路,196
石川県、能登町、字新保,234
石川県、能登町、字明生,29
石川県、能登町、字明野,96
石川県、能登町、字時長十八束,24
石川県、能登町、字時長山口,105
石川県、能登町、字時長程谷,44
石川県、能登町、字曽又,116
石川県、能登町、字本木,154
石川県、能登町、字松波上出町,147
石川県、能登町、字松波中町,42
石川県、能登町、字松波坪根,134
石川県、能登町、字松波平尻町,68
石川県、能登町、字松波御坊町,142
石川県、能登町、字松波枇杷坂,1
石川県、能登町、字松波枇杷坂団地,60
石川県、能登町、字松波梅の木団地,45
石川県、能登町、字松波浜町,107
石川県、能登町、字松波港町,84
石川県、能登町、字松波白山町,69
石川県、能登町、字松波第一元組,181
石川県、能登町、字松波第一八幡町,44
石川県、能登町、字松波第一港町,151
石川県、能登町、字松波第二元組,57
石川県、能登町、字松波第二八幡町,100
石川県、能登町、字松波鍛治町,113
石川県、能登町、字柏木,61
石川県、能登町、字柳田イ部三番地,6
石川県、能登町、字柳田日詰脇,155
石川県、能登町、字柳田百万脇,201
石川県、能登町、字柳田米山,110
石川県、能登町、字柳田重年,115
石川県、能登町、字柳田野田,375
石川県、能登町、字柳田金山,55
石川県、能登町、字柿生吉谷,13
石川県、能登町、字桐畑,31
石川県、能登町、字武連,155
石川県、能登町、字河ケ谷,76
石川県、能登町、字泉,10
石川県、能登町、字清真,68
石川県、能登町、字満泉寺,23
石川県、能登町、字滝ノ坊,65
石川県、能登町、字瑞穂町,9
石川県、能登町、字瑞穂西安寺,3
石川県、能登町、字瑞穂院内,30
石川県、能登町、字田代,11
石川県、能登町、字白丸下出,117
石川県、能登町、字白丸向出,160
石川県、能登町、字白丸新村,106
石川県、能登町、字真脇,390
石川県、能登町、字石井,225
石川県、能登町、字神和住,133
石川県、能登町、字福光,39
石川県、能登町、字秋吉,105
石川県、能登町、字立壁,61
石川県、能登町、字笹川,298
石川県、能登町、字羽根,84
石川県、能登町、字羽生,40
石川県、能登町、字藤ノ瀬上藤ノ瀬,161
石川県、能登町、字藤ノ瀬下藤ノ瀬,118
石川県、能登町、字藤波神ノ目,20
石川県、能登町、字藤波辺田ノ浜,51
石川県、能登町、字行延,31
石川県、能登町、字越坂,330
石川県、能登町、字鈴ケ嶺,120
石川県、能登町、字駒渡打越,6
石川県、能登町、字駒渡駒渡,18
石川県、能登町、字鮭尾,97
石川県、能登町、字鴨川,246
石川県、能登町、字鵜川本町,1
石川県、能登町、字鶴町,86
石川県、能登町、字黒川,183
石川県、輪島市、マリンタウン,70
石川県、輪島市、三井町与呂見,48
石川県、輪島市、三井町中,39
石川県、輪島市、三井町仁行,114
石川県、輪島市、三井町内屋,57
石川県、輪島市、三井町坂田,27
石川県、輪島市、三井町小泉,69
石川県、輪島市、三井町市ノ坂,148
石川県、輪島市、三井町新保,50
石川県、輪島市、三井町本江,47
石川県、輪島市、三井町洲衛,207
石川県、輪島市、三井町渡合，大和町,26
石川県、輪島市、三井町細屋,23
石川県、輪島市、三井町興徳寺,86
石川県、輪島市、三井町長沢,85
石川県、輪島市、上大沢町,56
石川県、輪島市、上山町,102
石川県、輪島市、上野台,128
石川県、輪島市、下山町,106
石川県、輪島市、下黒川町,70
石川県、輪島市、中段町,176
石川県、輪島市、久手川町,143
石川県、輪島市、二ツ屋町,192
石川県、輪島市、二俣町,64
石川県、輪島市、二勢町,95
石川県、輪島市、光浦町,109
石川県、輪島市、別所谷町,102
石川県、輪島市、北谷町,8
石川県、輪島市、南町,317
石川県、輪島市、名舟町,129
石川県、輪島市、城兼町,103
石川県、輪島市、堀町,94
石川県、輪島市、塚田町,124
石川県、輪島市、夕陽ケ丘,131
石川県、輪島市、大沢町,183
石川県、輪島市、大西山町,125
石川県、輪島市、大野町,238
石川県、輪島市、宅田町,227
石川県、輪島市、尊利地町,58
石川県、輪島市、小伊勢町,376
石川県、輪島市、小池町,69
石川県、輪島市、小田屋町,165
石川県、輪島市、小西山町,111
石川県、輪島市、山ノ上町,71
石川県、輪島市、山岸町,234
石川県、輪島市、山本町,332
石川県、輪島市、市ノ瀬町,97
石川県、輪島市、平成町,45
石川県、輪島市、惣領町,189
石川県、輪島市、房田町,125
石川県、輪島市、打越町,43
石川県、輪島市、新橋通,214
石川県、輪島市、方南,76
石川県、輪島市、昭南町,113
石川県、輪島市、杉平町,301
石川県、輪島市、東中尾町,76
石川県、輪島市、東印内町,61
石川県、輪島市、東山町,63
石川県、輪島市、横地町,195
石川県、輪島市、気勝平町,207
石川県、輪島市、水守町,89
石川県、輪島市、河井町丁字,52
石川県、輪島市、河井町上本町,62
石川県、輪島市、河井町中央通,65
石川県、輪島市、河井町中浜,52
石川県、輪島市、河井町中浜東,40
石川県、輪島市、河井町中田町,48
石川県、輪島市、河井町五月，常盤,60
石川県、輪島市、河井町伊右エ門,69
石川県、輪島市、河井町大馬場,35
石川県、輪島市、河井町宮川町,84
石川県、輪島市、河井町小峯山,62
石川県、輪島市、河井町川端丁,52
石川県、輪島市、河井町巴，諏訪,75
石川県、輪島市、河井町常盤，馬場,60
石川県、輪島市、河井町弥生,103
石川県、輪島市、河井町新田町,72
石川県、輪島市、河井町春日,42
石川県、輪島市、河井町本町一川端丁,94
石川県、輪島市、河井町本町三,28
石川県、輪島市、河井町本町二,74
石川県、輪島市、河井町東馬場,53
石川県、輪島市、河井町栄町上川町,100
石川県、輪島市、河井町栄町緑町,84
石川県、輪島市、河井町森の下,61
石川県、輪島市、河井町祇園東,34
石川県、輪島市、河井町祇園西,118
石川県、輪島市、河井町若葉，旭,79
石川県、輪島市、河井町観音,57
石川県、輪島市、河井町観音北,161
石川県、輪島市、河井町観音南,53
石川県、輪島市、河井町諏訪南,47
石川県、輪島市、河井町重蓮,159
石川県、輪島市、河井町錦川,50
石川県、輪島市、河井町青葉ヶ丘,89
石川県、輪島市、河井町馬場,49
石川県、輪島市、河井町馬場元,65
石川県、輪島市、河井町駅前一,58
石川県、輪島市、河井町駅前三,69
石川県、輪島市、河井町駅前二,40
石川県、輪島市、海士町,256
石川県、輪島市、深見町,344
石川県、輪島市、渋田町,120
石川県、輪島市、滝又町,79
石川県、輪島市、熊野町,40
石川県、輪島市、町野町上時国,109
石川県、輪島市、町野町下時国,63
石川県、輪島市、町野町井面,67
石川県、輪島市、町野町伏戸,51
石川県、輪島市、町野町佐野,127
石川県、輪島市、町野町北円山,105
石川県、輪島市、町野町地方,68
石川県、輪島市、町野町大寺山,113
石川県、輪島市、町野町大川,258
石川県、輪島市、町野町寺地,121
石川県、輪島市、町野町川西広,104
石川県、輪島市、町野町川西桜木,128
石川県、輪島市、町野町川西田長,92
石川県、輪島市、町野町広江上地二,153
石川県、輪島市、町野町広江元地三,144
石川県、輪島市、町野町広江本町一,151
石川県、輪島市、町野町徳成,103
石川県、輪島市、町野町徳成谷内,76
石川県、輪島市、町野町敷戸,121
石川県、輪島市、町野町曽々木新出地，下地,143
石川県、輪島市、町野町曽々木皆戸,110
石川県、輪島市、町野町東,113
石川県、輪島市、町野町東大野一,158
石川県、輪島市、町野町東大野二,144
石川県、輪島市、町野町桶戸,83
石川県、輪島市、町野町牛尾大久保,31
石川県、輪島市、町野町申ケ場，阿原,80
石川県、輪島市、町野町真久,41
石川県、輪島市、町野町真喜野,14
石川県、輪島市、町野町粟蔵,218
石川県、輪島市、町野町舞谷,5
石川県、輪島市、町野町若桑,44
石川県、輪島市、町野町金蔵一,106
石川県、輪島市、町野町金蔵三,153
石川県、輪島市、町野町金蔵二,100
石川県、輪島市、町野町鈴屋町内,60
石川県、輪島市、町野町鈴屋部落,165
石川県、輪島市、町野町麦生野,90
石川県、輪島市、白米町,59
石川県、輪島市、石休場町,160
石川県、輪島市、稲屋町,156
石川県、輪島市、稲舟町,222
石川県、輪島市、空熊町,97
石川県、輪島市、繩又町,158
石川県、輪島市、美谷町,136
石川県、輪島市、西二又町,58
石川県、輪島市、西脇町,92
石川県、輪島市、西院内町,76
石川県、輪島市、赤崎町,25
石川県、輪島市、輪島崎町仲町,92
石川県、輪島市、輪島崎町宮町,190
石川県、輪島市、輪島崎町寺町,71
石川県、輪島市、里町,252
石川県、輪島市、野田町,4
石川県、輪島市、釜屋谷町,211
石川県、輪島市、長井町,143
石川県、輪島市、門前町上代,17
石川県、輪島市、門前町上河内,14
石川県、輪島市、門前町中田,52
石川県、輪島市、門前町中谷内,43
石川県、輪島市、門前町中野屋,26
石川県、輪島市、門前町久川,78
石川県、輪島市、門前町二又,32
石川県、輪島市、門前町五十洲,100
石川県、輪島市、門前町井守上坂,35
石川県、輪島市、門前町入山,97
石川県、輪島市、門前町六郎木,21
石川県、輪島市、門前町内保,116
石川県、輪島市、門前町切狭,24
石川県、輪島市、門前町剱地,459
石川県、輪島市、門前町勝田,67
石川県、輪島市、門前町北川,106
石川県、輪島市、門前町千代,161
石川県、輪島市、門前町南,92
石川県、輪島市、門前町原,30
石川県、輪島市、門前町吉浦,67
石川県、輪島市、門前町和田,298
石川県、輪島市、門前町大切,36
石川県、輪島市、門前町大泊,74
石川県、輪島市、門前町大滝,13
石川県、輪島市、門前町大生,39
石川県、輪島市、門前町大釜,15
石川県、輪島市、門前町安代原,36
石川県、輪島市、門前町宮古場,22
石川県、輪島市、門前町小山,58
石川県、輪島市、門前町小滝,29
石川県、輪島市、門前町小石,41
石川県、輪島市、門前町山是清,57
石川県、輪島市、門前町山辺,29
石川県、輪島市、門前町広岡,127
石川県、輪島市、門前町広瀬,126
石川県、輪島市、門前町新町分,6
石川県、輪島市、門前町日野尾,91
石川県、輪島市、門前町是清,42
石川県、輪島市、門前町暮坂,7
石川県、輪島市、門前町木原月,1
石川県、輪島市、門前町本内,18
石川県、輪島市、門前町本市,363
石川県、輪島市、門前町栃木,217
石川県、輪島市、門前町椎木,51
石川県、輪島市、門前町樽見,16
石川県、輪島市、門前町江崎,17
石川県、輪島市、門前町池田,120
石川県、輪島市、門前町浅生田,29
石川県、輪島市、門前町浦上,414
石川県、輪島市、門前町深田,186
石川県、輪島市、門前町深見,56
石川県、輪島市、門前町清水,71
石川県、輪島市、門前町清沢,18
石川県、輪島市、門前町渡瀬,33
石川県、輪島市、門前町滝町,11
石川県、輪島市、門前町猿橋,69
石川県、輪島市、門前町田村,118
石川県、輪島市、門前町白禿,26
石川県、輪島市、門前町百成大角間,38
石川県、輪島市、門前町皆月,258
石川県、輪島市、門前町矢徳,77
石川県、輪島市、門前町神明原,5
石川県、輪島市、門前町窕,9
石川県、輪島市、門前町腰細,36
石川県、輪島市、門前町薄野,11
石川県、輪島市、門前町藤浜,38
石川県、輪島市、門前町西中尾,20
石川県、輪島市、門前町西中谷,3
石川県、輪島市、門前町西円山,34
石川県、輪島市、門前町貝吹,29
石川県、輪島市、門前町赤神,87
石川県、輪島市、門前町走出,210
石川県、輪島市、門前町道下,636
石川県、輪島市、門前町鍛治屋,19
石川県、輪島市、門前町門前,111
石川県、輪島市、門前町風原,3
石川県、輪島市、門前町飯川谷,45
石川県、輪島市、門前町餅田,16
石川県、輪島市、門前町館,131
石川県、輪島市、門前町馬場,220
石川県、輪島市、門前町馬渡,96
石川県、輪島市、門前町高根尾,93
石川県、輪島市、門前町鬼屋,70
石川県、輪島市、門前町鵜山,74
石川県、輪島市、門前町鹿磯,277
石川県、輪島市、門前町黒岩,47
石川県、輪島市、門前町黒島町,538
石川県、輪島市、青山町,113
石川県、輪島市、鳳至町上町,60
石川県、輪島市、鳳至町上町南,43
石川県、輪島市、鳳至町上町南（小学校前）,53
石川県、輪島市、鳳至町下町,66
石川県、輪島市、鳳至町下町鳳至丁北,63
石川県、輪島市、鳳至町住吉区，末広北,78
石川県、輪島市、鳳至町寺山岸，堂金田,79
石川県、輪島市、鳳至町日吉山,59
石川県、輪島市、鳳至町末広,49
石川県、輪島市、鳳至町末広南,72
石川県、輪島市、鳳至町横町，住吉区,63
石川県、輪島市、鳳至町浜町上，下,72
石川県、輪島市、鳳至町浜町下,131
石川県、輪島市、鳳至町畠田南,75
石川県、輪島市、鳳至町畠田東,42
石川県、輪島市、鳳至町石浦町,51
石川県、輪島市、鳳至町稲荷南,70
石川県、輪島市、鳳至町稲荷東三，四,67
石川県、輪島市、鳳至町稲荷西一,57
石川県、輪島市、鳳至町稲荷西二,56
石川県、輪島市、鳳至町鳳南,42
石川県、輪島市、鳳至町鳳来石浦,59
石川県、輪島市、鳳至町鳳至丁南鳳至本町,60
石川県、輪島市、鳳至町鳳至丁鳳来,67
石川県、輪島市、鵜入町,69
