field,native_value,count
damage_2,0,112320
damage_2,1,3361
damage_2,9,9460
damage_2,99,15067
damage_val,0,112275
damage_val,1,3461
damage_val,9,9437
damage_val,99,15035
conf,<NULL>,313
conf,multi,20810
conf,single,119085
GSI_fire,0,139897
GSI_fire,1,311
GSI_slope_failure,0,140039
GSI_slope_failure,1,169
GSI_tsunami,0,136790
GSI_tsunami,1,3418
USGS_MMI,7.2,382
USGS_MMI,7.4,305
USGS_MMI,7.6,15124
USGS_MMI,7.8,16158
USGS_MMI,8.0,15936
USGS_MMI,8.2,15822
USGS_MMI,8.4,30376
USGS_MMI,8.6,30190
USGS_MMI,8.8,15849
USGS_MMI,9.0,66
