year,stream,paper,data_or_scale,hazard_H,building_X,spatial_or_imagery_Z,model_or_method,evaluation_or_split,calibration_uncertainty,project_relevance,reference
2003,empirical_fragility,"Rossetto & Elnashai — Derivation of vulnerability functions for European-type RC structures based on observational data","99 post-earthquake distributions; 19 earthquakes; ~340,000 RC structures","multiple observational IM representations","RC system/height/age classes","none central","empirical vulnerability/fragility","cross-source observational synthesis","large observational uncertainty discussed","Shows heterogeneous damage scales and large observational datasets are old problems; pooling needs explicit harmonization","https://doi.org/10.1016/S0141-0296(03)00060-9"
2014,empirical_fragility,"Rossetto et al. — Guidelines for the empirical vulnerability assessment","methodological guideline","multiple IMTs","building typology","spatial survey representativeness considered","empirical fragility/vulnerability framework","goodness-of-fit/model selection","explicit uncertainty/data-quality guidance","Baseline methodological standard; data should determine model/IM","https://discovery.ucl.ac.uk/id/eprint/1449624/"
2015,empirical_fragility,"Lallemant, Kiremidjian & Burton — Statistical procedures for developing earthquake damage fragility curves","empirical + analytical examples","IM with uncertainty","structural classes","none central","GLM; cumulative-link; GAM; kernel smoothing","prediction-error-based comparison","IM uncertainty treated","Directly motivates our fragility/ordinal/GAM benchmark stack","https://doi.org/10.1002/eqe.2522"
2015,empirical_fragility,"Ioannou, Douglas & Rossetto — Assessing the impact of ground-motion variability and uncertainty on empirical fragility curves","simulated damage databases for fragility inversion","spatially variable ground-motion fields","building damage observations","explicit ground-motion spatial variability","empirical fragility inversion","sensitivity experiments","epistemic + spatial GM uncertainty","Strong warning against casual ShakeMap/admin-level H assignment","https://doi.org/10.1016/j.soildyn.2014.10.024"
2015,empirical_fragility,"Rossetto, Ioannou & Grant — Existing Empirical Fragility and Vulnerability Functions: Compendium and Guide for Selection","global compendium","various","various","various","review/rating framework","qualitative quality rating","documents uncertainty/data quality","Demonstrates fragility literature breadth; our conventional curves are benchmarks","https://doi.org/10.13117/GEM.VULNSMOD.TR2015.01"
2022,tabular_ml,"Ghimire et al. — Testing ML models for seismic damage prediction at regional scale after 2015 Gorkha Nepal earthquake","Nepal post-earthquake building survey","USGS ShakeMap/macroseismic intensity","basic structural parameters","spatially distributed regional sample","multiple ML; RF strongest reported","regional prediction evaluation","primarily predictive metrics","Direct Nepal prior art; simple X + H already useful","https://doi.org/10.1177/87552930221106495"
2022,tabular_ml,"Chen & Zhang — Building vulnerability assessment in seismic areas using ensemble learning: A Nepal case study","2015 Nepal survey subset","earthquake context","foundation; roof; age; other attributes","none central","SMOTE + XGBoost + SHAP","standard train/test ML evaluation","not central","XGBoost/SHAP on Nepal is replication-level, not novelty","https://doi.org/10.1016/j.jclepro.2022.131418"
2023,tabular_ml,"K C et al. — Earthquake damage and rehabilitation intervention prediction using machine learning","549,251 Nepal buildings","PGA; SA0.3 tested","detailed building features","latitude/longitude and epicentral distance among predictors","DT; RF; XGBoost; logistic regression","train/test predictive comparison","not central","Large-N Nepal ML already exists with H + X","https://doi.org/10.1016/j.engfailanal.2022.106949"
2023,probabilistic_fragility,"Kourehpaz et al. — Toward multivariate fragility functions for seismic damage and loss estimation of high-rise buildings","15,000 simulated high-rise RC analyses","average SA + duration","building archetypes","none","bivariate/multivariate fragility","simulation-based predictive comparison","Brier score; loss impact","Supports multivariate probabilistic evaluation and risk linkage","https://doi.org/10.1002/eqe.3993"
2024,domain_shift,"Ghimire & Guéguen — Host-to-target region testing of ML models for seismic damage prediction","Nepal; Haiti; Serbia; Italy","macroseismic intensity","stories; age","region identity as transfer domain","XGBoost/host-target framework","train in host; predict target region","not central","Cross-region transfer itself is already explicit prior art","https://doi.org/10.1007/s11069-023-06394-z"
2024,multi_event_ml,"Patten, Anderson Loake & Steinsaltz — Data-Driven Earthquake Multi-impact Modeling","369,813 geolocated buildings; 26 earthquakes; 15 countries for building task","event/hazard covariates","vulnerability proxies","geospatial and non-geospatial model variants","supervised ML + statistical models","grouped CV; 2023 Türkiye-Syria held out","predictive uncertainty not primary","Multi-event grouped validation and held-out Türkiye already demonstrated","https://doi.org/10.1007/s13753-024-00567-5"
2024,site_context,"Senkaya et al. — Prediction of local site influence on seismic vulnerability using ML","44 Türkiye locations","earthquake excitation context","damage status","Vs30; predominant frequency; HVSR; engineering bedrock depth","RF; KNN; LR; DT; SVM; SGD; MLP","5-fold CV","not central","Adding site/geotechnical variables is established; not enough for novelty","https://doi.org/10.1016/j.enggeo.2024.107605"
2024,probability_calibration,"Saleh — The development of fragility curves using calibrated probabilistic classifiers","multiple-strip structural analysis example","IM from structural analyses","structural response features","none","LR/RF/PSVM/NB/KNN + Platt/isotonic/beta/spline calibration","compare reconstructed fragility","explicit calibration + confidence bands","Calibration is important but not by itself novel","https://doi.org/10.1016/j.istruc.2024.106618"
2025,review,"Hu et al. — Machine learning in earthquake engineering: review of recent progress and future trends","review of recent earthquake-engineering ML","various","various","regional-scale context discussed","review","literature synthesis","generalization/data scarcity highlighted","Supports positioning around generalizability and regional evaluation rather than algorithm novelty","https://doi.org/10.1016/j.engstruct.2025.120721"
2025,portfolio_fragility,"Seismic fragility assessment of regional building portfolios using ML and Poisson binomial distribution","regional building portfolio","seismic intensity inputs","building-to-building variability","regional aggregation","probabilistic ML + Poisson-binomial","portfolio fragility evaluation","explicit probabilistic treatment","Relevant to later calibrated portfolio/loss layer","https://doi.org/10.1016/j.ijdrr.2024.105044"
2026,turkiye_bias,"Anderson Loake & Jaiswal — Accounting for Biases in the Analysis of Building Damage Data for the 2023 M7.8 Türkiye/Syria Earthquake Sequence","same Türkiye engineering-survey source family + large assessment inventory","PSA/SA0.3 selected among IMs","structure type/inventory","building density enters assessment/missingness model","hierarchical Bayesian fragility/inventory model","posterior model evaluation","sampling bias; measurement error; missingness; Bayesian uncertainty","Makes simple Türkiye fragility/bias analysis benchmark-only","https://doi.org/10.1002/esp4.70117"
2026,turkiye_ml,"Hariri-Ardebili & Sattar — Interpretable AutoML for Post-Earthquake RC Building Damage","ACI133 family; >240 RC buildings","multiple shaking features including PGA/PGV/CAV","building/capacity features","not central","AutoML; RF; CatBoost; SHAP","multi-class and binary test performance","not central","ACI133 ML/SHAP already exists; reserve ACI for external/reproduction use","https://www.nist.gov/publications/interpretable-automl-post-earthquake-rc-building-damage-insights-2023-turkiye-sequence"
2026,turkiye_ml,"Bıçakcı et al. — Explainable Ensemble Learning for Rapid Seismic Damage Assessment","16,611 Kırıkhan/Hatay field observations","earthquake/site variables","building attributes","lithology and distance/context variables","LightGBM; CatBoost; XGBoost; RF; ExtraTrees; GBM; AdaBoost; HistGB","consistent benchmark protocol","class weighting; balanced accuracy","Large real Türkiye tree benchmark with contextual features closes obvious ensemble-ML gap","https://doi.org/10.3390/buildings16132660"
2026,turkiye_fragility_ml,"Fragility Curves and Machine Learning-Based Damage Classification Models from Strong Motion Data Measured During the 2023 Turkey-Syria Earthquake","322 buildings","PGA; PGV; CAV; Arias; RMS; Housner; PSA and related IMs","building performance observations","none central","fragility + ML damage classification","IM/model comparisons","not extracted in this scoping pass","Testing many strong-motion IMs against Türkiye damage already exists","https://doi.org/10.1080/13632469.2026.2621840"
2026,spatial_pseudolabels,"Liu et al. — SAR-based individual-building damage identification and large-scale earthquake damage prediction","2023 Türkiye; associated spatial deposit","PGV/seismic factors used in large-scale prediction","building factors","SAR coherence; topography; geology; spatial damage products","SAR damage method + XGBoost damage-density prediction","validation against manual interpretation reported","not central","Critical: our 30,122 This_study labels are outputs of this methodology, not independent field truth","https://doi.org/10.1016/j.jag.2026.105260"
2026,dataset_provenance,"Liu — Building damage datasets for the 2023 Türkiye earthquake","4.41M footprints; multiple damage products; 30,122 This_study records","PGV raster + distance factors","footprints/height-related context","Visual_interpretation; ARIA; UNOSAT; Microsoft; This_study","data deposit","multi-product dataset","product provenance is central","Deposit explicitly identifies Visual_interpretation as manual validation and This_study as method results","https://doi.org/10.5281/zenodo.18437501"
2026,gnn,"Graph neural network-based region-building seismic damage prediction","physics-based MDOF simulation datasets","ground-motion features","building/structural simulation features","region- and building-scale graphs","custom GNN framework","simulation benchmark/generalization tests","not central","GNN seismic damage exists; observed-field incremental spatial value remains the stronger question","https://doi.org/10.1016/j.engstruct.2025.121881"
2026,remote_sensing_review,"Abeysuriya et al. — Deep learning for image-based structural element damage assessments in post-earthquake buildings: systematic review","46 studies, 2015–2025","various","various","post-event imagery","systematic review","study-quality/evaluation synthesis","notes evaluation/field-readiness issues","Separates image-based damage assessment from pre-event vulnerability; reinforces external-generalization concerns","https://doi.org/10.1007/s43503-026-00099-5"
2026,remote_sensing,"Kaya, Kuter & Akyürek — ML earthquake damage mapping using high-resolution Pléiades imagery","2023 Kahramanmaraş imagery","post-event hazard context","limited tabular building attributes","high-resolution optical imagery","MARS + ensemble/ML","image damage-mapping benchmark","not central","Illustrates saturated post-event remote-sensing damage-mapping stream","https://doi.org/10.1016/j.jseaes.2026.106984"
2026,multimodal_remote_sensing,"Russo et al. — Deep Learning Framework for Rapid Building Damage Detection through Multimodal Data Fusion: 2025 Myanmar Earthquake","2025 Myanmar EO data","event context","building footprints as priors","SAR + optical + footprint-guided attention","multimodal deep learning","five-fold CV","not central","Shows footprint-guided spatial fusion is active in post-event damage mapping; not equivalent to pre-event vulnerability","https://doi.org/10.5194/isprs-annals-XI-3-2026-927-2026"
